Workbook

Sheet Resumen General
B2: BANHH MI - RESUMEN EJECUTIVO DE VENTAS 2026
B4: Ventas Totales Anuales | C4: =SUM('Detalle de Ventas'!C:C) -> 1736544.6 | E4: Propinas Totales Anuales | F4: =SUM('Detalle de Ventas'!D:D) -> 157643.36 | H4: Gastos Totales Anuales | I4: =SUM('Detalle de Ventas'!E:E) -> 603975.76
B7: Resumen Mensual
B8: Mes | C8: Ventas | D8: Propinas | E8: Gastos | F8: Total Caja
B9: ENERO | C9: =SUMIF('Detalle de Ventas'!B:B, B9, 'Detalle de Ventas'!C:C) -> 230752.3 | D9: =SUMIF('Detalle de Ventas'!B:B, B9, 'Detalle de Ventas'!D:D) -> 22078.5 | E9: =SUMIF('Detalle de Ventas'!B:B, B9, 'Detalle de Ventas'!E:E) -> 72922.79 | F9: =SUMIF('Detalle de Ventas'!B:B, B9, 'Detalle de Ventas'!F:F) -> 100064.79
B10: FEBRERO | C10: =SUMIF('Detalle de Ventas'!B:B, B10, 'Detalle de Ventas'!C:C) -> 189949 | D10: =SUMIF('Detalle de Ventas'!B:B, B10, 'Detalle de Ventas'!D:D) -> 17839.2 | E10: =SUMIF('Detalle de Ventas'!B:B, B10, 'Detalle de Ventas'!E:E) -> 72446.63 | F10: =SUMIF('Detalle de Ventas'!B:B, B10, 'Detalle de Ventas'!F:F) -> 83859.37
B11: MARZO | C11: =SUMIF('Detalle de Ventas'!B:B, B11, 'Detalle de Ventas'!C:C) -> 172391 | D11: =SUMIF('Detalle de Ventas'!B:B, B11, 'Detalle de Ventas'!D:D) -> 15221.35 | E11: =SUMIF('Detalle de Ventas'!B:B, B11, 'Detalle de Ventas'!E:E) -> 68014.67 | F11: =SUMIF('Detalle de Ventas'!B:B, B11, 'Detalle de Ventas'!F:F) -> 78757.83
B12: ABRIL | C12: =SUMIF('Detalle de Ventas'!B:B, B12, 'Detalle de Ventas'!C:C) -> 153511 | D12: =SUMIF('Detalle de Ventas'!B:B, B12, 'Detalle de Ventas'!D:D) -> 13001.7 | E12: =SUMIF('Detalle de Ventas'!B:B, B12, 'Detalle de Ventas'!E:E) -> 56234.09 | F12: =SUMIF('Detalle de Ventas'!B:B, B12, 'Detalle de Ventas'!F:F) -> 75416.91
B13: MAYO | C13: =SUMIF('Detalle de Ventas'!B:B, B13, 'Detalle de Ventas'!C:C) -> 121669 | D13: =SUMIF('Detalle de Ventas'!B:B, B13, 'Detalle de Ventas'!D:D) -> 10680.93 | E13: =SUMIF('Detalle de Ventas'!B:B, B13, 'Detalle de Ventas'!E:E) -> 32369.7 | F13: =SUMIF('Detalle de Ventas'!B:B, B13, 'Detalle de Ventas'!F:F) -> 51640.3
B14: TOTAL GENERAL | C14: =SUM(C9:C13) -> 868272.3 | D14: =SUM(D9:D13) -> 78821.68 | E14: =SUM(E9:E13) -> 301987.88 | F14: =SUM(F9:F13) -> 389739.2

Sheet Detalle de Ventas
A1: Día / Fecha | B1: Mes | C1: Ventas Totales | D1: Propinas del Día | E1: Gastos del Día | F1: Total Caja
A2: Jueves 1 de enero de 2026 | B2: ENERO | C2: 21240 | D2: 1873.35 | E2: 11298 | F2: -209
A3: 31 de Enero de 2026 | B3: ENERO | C3: 8939 | D3: 812.45 | E3: 314 | F3: 3882
A4: Viernes 30 de Enero de 2026 | B4: ENERO | C4: 5312 | D4: 549.8 | E4: 2134 | F4: 3274
A5: Jueves 29 de Enero de 2026 | B5: ENERO | C5: 5291 | D5: 423 | E5: 3036 | F5: 3433
A6: 28 de Enero de 2026 | B6: ENERO | C6: 3482 | D6: 337.05 | E6: 218 | F6: 1981
A7: Martes 27 de Enero de 2026 | B7: ENERO | C7: 6171 | D7: 482.6 | E7: 679 | F7: 6118
A8: Lunes 26 de Enero de 2026 | B8: ENERO | C8: 6892 | D8: 674.45 | E8: 4620 | F8: 3288
A9: Domingo 25 de Enero de 2026 | B9: ENERO | C9: 11747 | D9: 1366.5 | E9: 6139.4 | F9: 3763.1
A10: Sábado 24 de Enero de 2026 | B10: ENERO | C10: 13086 | D10: 1258.2 | E10: 1247.3 | F10: 3090.7
A11: Jueves 22 de Enero de 2026 | B11: ENERO | C11: 8223 | D11: 722 | E11: 3234 | F11: 1349
A12: 21 de Enero de 2026 | B12: ENERO | C12: 10252 | D12: 881.95 | E12: 515 | F12: 3094
A13: Martes 20 de Enero de 2026 | B13: ENERO | C13: 3875 | D13: 272 | E13: 77 | F13: 3002.5
... A145: Domingo 24 de Mayo | B145: MAYO | C145: 8592 | D145: 774.63 | E145: 6746 | F145: 1400
A146: TOTAL GENERAL | C146: =SUM(C2:C145) -> 868272.3 | D146: =SUM(D2:D145) -> 78821.68 | E146: =SUM(E2:E145) -> 301987.88 | F146: =SUM(F2:F145) -> 389739.2
